{
    "orschl\u00e4gen": {
        "hook_pre": {},
        "All Positive": {
            "Original": 1.4738811254501343,
            "All Ablated": 5.367800712585449,
            "Two Features (N=296)": 3.9694483280181885,
            "Single Features (N=317)": 4.9820780754089355,
            "Current Token (N=268)": 3.695370674133301,
            "Grouped Tokens (N=269)": 4.4945759773254395
        },
        "Greater Positive": {
            "Original": 1.4738811254501343,
            "All Ablated": 5.367800712585449,
            "Two Features (N=149)": 3.2461154460906982,
            "Single Features (N=146)": 2.8387134075164795,
            "Current Token (N=115)": 3.1234428882598877,
            "Grouped Tokens (N=135)": 2.9092795848846436
        },
        "All Positive (Top 50)": {
            "Original": 1.4738811254501343,
            "All Ablated": 5.367800712585449,
            "Two Features (N=50)": 1.408786416053772,
            "Single Features (N=50)": 1.0799784660339355,
            "Current Token (N=50)": 1.4098252058029175,
            "Grouped Tokens (N=50)": 2.960838556289673
        },
        "Greater Positive (Top 50)": {
            "Original": 1.4738811254501343,
            "All Ablated": 5.367800712585449,
            "Two Features (N=50)": 1.8157280683517456,
            "Single Features (N=50)": 3.5815138816833496,
            "Current Token (N=50)": 1.6564394235610962,
            "Grouped Tokens (N=50)": 3.5075693130493164
        },
        "All Negative": {
            "Original": 1.4738811254501343,
            "All Ablated": 5.367800712585449,
            "Two Features (N=270)": 2.124316453933716,
            "Single Features (N=267)": 2.665266513824463,
            "Current Token (N=276)": 2.7115588188171387,
            "Grouped Tokens (N=281)": 2.4259297847747803
        },
        "Smaller Negative": {
            "Original": 1.4738811254501343,
            "All Ablated": 5.367800712585449,
            "Two Features (N=61)": 1.5108155012130737,
            "Single Features (N=68)": 1.4651987552642822,
            "Current Token (N=55)": 1.4625483751296997,
            "Grouped Tokens (N=60)": 1.451074481010437
        },
        "All Negative (Top 50)": {
            "Original": 1.4738811254501343,
            "All Ablated": 5.367800712585449,
            "Two Features (N=50)": 1.9735803604125977,
            "Single Features (N=50)": 2.589596748352051,
            "Current Token (N=50)": 1.2963670492172241,
            "Grouped Tokens (N=50)": 3.645953893661499
        },
        "Smaller Negative (Top 50)": {
            "Original": 1.4738811254501343,
            "All Ablated": 5.367800712585449,
            "Two Features (N=50)": 1.4079822301864624,
            "Single Features (N=50)": 1.484114408493042,
            "Current Token (N=50)": 1.4891278743743896,
            "Grouped Tokens (N=50)": 1.734538197517395
        },
        "Positive and Negative (Top 25)": {
            "Original": 1.4738811254501343,
            "All Ablated": 5.367800712585449,
            "Two Features (N=50)": 6.380513668060303,
            "Single Features (N=50)": 2.00076961517334,
            "Current Token (N=50)": 0.9700405597686768,
            "Grouped Tokens (N=50)": 2.5361502170562744
        },
        "hook_post": {}
    },
    " h\u00e4ufig": {
        "hook_pre": {},
        "All Positive": {
            "Original": 0.09320765733718872,
            "All Ablated": 0.6029648780822754,
            "Two Features (N=382)": 0.45615333318710327,
            "Single Features (N=390)": 0.477998286485672,
            "Current Token (N=285)": 0.33299800753593445,
            "Grouped Tokens (N=291)": 0.33873796463012695
        },
        "Greater Positive": {
            "Original": 0.09320765733718872,
            "All Ablated": 0.6029648780822754,
            "Two Features (N=203)": 0.30689096450805664,
            "Single Features (N=206)": 0.3053021728992462,
            "Current Token (N=164)": 0.2239963412284851,
            "Grouped Tokens (N=182)": 0.3724106550216675
        },
        "All Positive (Top 50)": {
            "Original": 0.09320765733718872,
            "All Ablated": 0.6029648780822754,
            "Two Features (N=50)": 0.13183115422725677,
            "Single Features (N=50)": 0.07788416743278503,
            "Current Token (N=50)": 1.2157341241836548,
            "Grouped Tokens (N=50)": 0.30034130811691284
        },
        "Greater Positive (Top 50)": {
            "Original": 0.09320765733718872,
            "All Ablated": 0.6029648780822754,
            "Two Features (N=50)": 0.13593463599681854,
            "Single Features (N=50)": 1.9629218578338623,
            "Current Token (N=50)": 0.24592721462249756,
            "Grouped Tokens (N=50)": 0.03873559832572937
        },
        "All Negative": {
            "Original": 0.09320765733718872,
            "All Ablated": 0.6029648780822754,
            "Two Features (N=323)": 0.14408929646015167,
            "Single Features (N=322)": 0.12937627732753754,
            "Current Token (N=324)": 0.23995614051818848,
            "Grouped Tokens (N=328)": 0.1590171903371811
        },
        "Smaller Negative": {
            "Original": 0.09320765733718872,
            "All Ablated": 0.6029648780822754,
            "Two Features (N=98)": 0.11560948938131332,
            "Single Features (N=98)": 0.11771790683269501,
            "Current Token (N=82)": 0.12038993835449219,
            "Grouped Tokens (N=85)": 0.11996294558048248
        },
        "All Negative (Top 50)": {
            "Original": 0.09320765733718872,
            "All Ablated": 0.6029648780822754,
            "Two Features (N=50)": 0.11310447752475739,
            "Single Features (N=50)": 0.13291242718696594,
            "Current Token (N=50)": 0.43302035331726074,
            "Grouped Tokens (N=50)": 0.31568026542663574
        },
        "Smaller Negative (Top 50)": {
            "Original": 0.09320765733718872,
            "All Ablated": 0.6029648780822754,
            "Two Features (N=50)": 0.3077610731124878,
            "Single Features (N=50)": 1.41055428981781,
            "Current Token (N=50)": 0.09527013450860977,
            "Grouped Tokens (N=50)": 0.09870602190494537
        },
        "Positive and Negative (Top 25)": {
            "Original": 0.09320765733718872,
            "All Ablated": 0.6029648780822754,
            "Two Features (N=50)": 0.14164197444915771,
            "Single Features (N=50)": 0.24594733119010925,
            "Current Token (N=50)": 0.1770123690366745,
            "Grouped Tokens (N=50)": 1.3257079124450684
        },
        "hook_post": {}
    },
    " beweglich": {
        "hook_pre": {},
        "All Positive": {
            "Original": 4.816296100616455,
            "All Ablated": 9.247943878173828,
            "Two Features (N=322)": 6.999878406524658,
            "Single Features (N=323)": 6.49677038192749,
            "Current Token (N=324)": 7.030272483825684,
            "Grouped Tokens (N=308)": 7.713934898376465
        },
        "Greater Positive": {
            "Original": 4.816296100616455,
            "All Ablated": 9.247943878173828,
            "Two Features (N=185)": 5.522768974304199,
            "Single Features (N=185)": 5.489733695983887,
            "Current Token (N=162)": 5.587806701660156,
            "Grouped Tokens (N=175)": 5.809988975524902
        },
        "All Positive (Top 50)": {
            "Original": 4.816296100616455,
            "All Ablated": 9.247943878173828,
            "Two Features (N=50)": 5.416093826293945,
            "Single Features (N=50)": 4.28265905380249,
            "Current Token (N=50)": 5.814803600311279,
            "Grouped Tokens (N=50)": 4.771506309509277
        },
        "Greater Positive (Top 50)": {
            "Original": 4.816296100616455,
            "All Ablated": 9.247943878173828,
            "Two Features (N=50)": 4.690246105194092,