{
    "orschl\u00e4gen": {
        "loss": {
            "yyy": 2.0962448120117188,
            "nny": 9.741569519042969,
            "nyn": 3.5962021350860596,
            "ynn": 10.945850372314453,
            "nyy": 3.8488762378692627,
            "yny": 10.429313659667969,
            "yyn": 3.3802623748779297,
            "nnn": 10.159235000610352,
            "current_token_diffs": 1.536691665649414,
            "previous_token_diffs": 0.7674808502197266,
            "context_neuron_diffs": 2.440375566482544,
            "individiual_features_diffs": 1.8689072132110596,
            "two_features_diffs": 1.653363823890686
        },
        "logits": {
            "yyy": 31.207717895507812,
            "nny": 12.176512718200684,
            "nyn": 22.15089988708496,
            "ynn": 11.818215370178223,
            "nyy": 21.76015281677246,
            "yny": 11.939061164855957,
            "yyn": 33.84092330932617,
            "nnn": 12.0357666015625,
            "current_token_diffs": -2.2424583435058594,
            "previous_token_diffs": -2.7540512084960938,
            "context_neuron_diffs": 9.685016632080078,
            "individiual_features_diffs": 9.133623123168945,
            "two_features_diffs": 3.4555325508117676
        }
    },
    " h\u00e4ufig": {
        "loss": {
            "yyy": 0.21037088334560394,
            "nny": 13.553352355957031,
            "nyn": 10.396780014038086,
            "ynn": 12.730551719665527,
            "nyy": 8.755084037780762,
            "yny": 11.497050285339355,
            "yyn": 1.2421261072158813,
            "nnn": 14.587433815002441,
            "current_token_diffs": -0.6099407523870468,
            "previous_token_diffs": -0.20174621045589447,
            "context_neuron_diffs": 6.488411083817482,
            "individiual_features_diffs": 7.295445576310158,
            "two_features_diffs": 3.2430424243211746
        },
        "logits": {
            "yyy": 27.130138397216797,
            "nny": 8.054295539855957,
            "nyn": 11.680842399597168,
            "ynn": 9.503328323364258,
            "nyy": 12.888981819152832,
            "yny": 10.469157218933105,
            "yyn": 25.297719955444336,
            "nnn": 7.2636332511901855,
            "current_token_diffs": 0.6242790222167969,
            "previous_token_diffs": 0.8665895462036133,
            "context_neuron_diffs": 11.826294898986816,
            "individiual_features_diffs": 12.418938636779785,
            "two_features_diffs": 6.434025526046753
        }
    },
    " beweglich": {
        "loss": {
            "yyy": 5.5090789794921875,
            "nny": 14.282145500183105,
            "nyn": 9.252744674682617,
            "ynn": 14.015095710754395,
            "nyy": 7.942117691040039,
            "yny": 13.532866477966309,
            "yyn": 7.715333938598633,
            "nnn": 14.797582626342773,
            "current_token_diffs": 0.8956279754638672,
            "previous_token_diffs": 1.7240257263183594,
            "context_neuron_diffs": 1.6837596893310547,
            "individiual_features_diffs": 2.445741653442383,
            "two_features_diffs": 1.687288761138916
        },
        "logits": {
            "yyy": 21.059965133666992,
            "nny": 7.544124126434326,
            "nyn": 16.781461715698242,
            "ynn": 8.42870807647705,
            "nyy": 16.92420768737793,
            "yny": 8.684297561645508,
            "yyn": 21.033246994018555,
            "nnn": 7.304614067077637,
            "current_token_diffs": -0.11602783203125,
            "previous_token_diffs": -0.22887134552001953,
            "context_neuron_diffs": 2.995584011077881,
            "individiual_features_diffs": 2.9148993492126465,
            "two_features_diffs": 1.3913960456848145
        }
    }
}