{
    "orschl\u00e4gen": {
        "loss": {
            "yyy": 1.9599580764770508,
            "nny": 9.780821800231934,
            "nyn": 3.6897389888763428,
            "ynn": 10.99292278289795,
            "nyy": 3.9486067295074463,
            "yny": 10.447678565979004,
            "yyn": 3.1418864727020264,
            "nnn": 10.190014839172363,
            "current_token_diffs": 1.440796136856079,
            "previous_token_diffs": 0.6366841793060303,
            "grouped_token_diffs": 0.7727353572845459,
            "individiual_features_diffs": 2.1234958171844482,
            "two_features_diffs": 1.7141203880310059
        },
        "logits": {
            "yyy": 31.115114212036133,
            "nny": 12.082627296447754,
            "nyn": 22.04035186767578,
            "ynn": 11.940585136413574,
            "nyy": 21.66240882873535,
            "yny": 12.07666301727295,
            "yyn": 33.79632568359375,
            "nnn": 11.95180892944336,
            "current_token_diffs": -2.3032684326171875,
            "previous_token_diffs": -2.817289352416992,
            "grouped_token_diffs": -2.8120298385620117,
            "individiual_features_diffs": 8.955167770385742,
            "two_features_diffs": 3.323319911956787
        }
    },
    " h\u00e4ufig": {
        "loss": {
            "yyy": 0.20865973830223083,
            "nny": 13.610265731811523,
            "nyn": 10.305572509765625,
            "ynn": 12.564234733581543,
            "nyy": 8.67210578918457,
            "yny": 11.314377784729004,
            "yyn": 1.1858618259429932,
            "nnn": 14.654650688171387,
            "current_token_diffs": -0.6562646329402924,
            "previous_token_diffs": -0.27265486121177673,
            "grouped_token_diffs": -0.06718286871910095,
            "individiual_features_diffs": 6.962111860513687,
            "two_features_diffs": 3.0501876175403595
        },
        "logits": {
            "yyy": 26.991422653198242,
            "nny": 8.01449203491211,
            "nyn": 11.628418922424316,
            "ynn": 9.59225082397461,
            "nyy": 12.802719116210938,
            "yny": 10.534261703491211,
            "yyn": 25.175865173339844,
            "nnn": 7.211923122406006,
            "current_token_diffs": 0.6412572860717773,
            "previous_token_diffs": 0.8735466003417969,
            "grouped_token_diffs": 1.012988567352295,
            "individiual_features_diffs": 12.180107116699219,
            "two_features_diffs": 6.340961217880249
        }
    },
    " beweglich": {
        "loss": {
            "yyy": 5.502025127410889,
            "nny": 14.200139045715332,
            "nyn": 9.154457092285156,
            "ynn": 13.944661140441895,
            "nyy": 7.849339962005615,
            "yny": 13.478861808776855,
            "yyn": 7.672739505767822,
            "nnn": 14.74281120300293,
            "current_token_diffs": 0.8655972480773926,
            "previous_token_diffs": 1.7049150466918945,
            "grouped_token_diffs": 1.628042221069336,
            "individiual_features_diffs": 2.3116097450256348,
            "two_features_diffs": 1.627039909362793
        },
        "logits": {
            "yyy": 21.01155662536621,
            "nny": 7.346551418304443,
            "nyn": 16.72919273376465,
            "ynn": 8.270895004272461,
            "nyy": 16.895931243896484,
            "yny": 8.54835319519043,
            "yyn": 20.961727142333984,
            "nnn": 7.077977657318115,
            "current_token_diffs": -0.11690902709960938,
            "previous_token_diffs": -0.2276287078857422,
            "grouped_token_diffs": -0.21874427795410156,
            "individiual_features_diffs": 2.8208727836608887,
            "two_features_diffs": 1.3475396633148193
        }
    }
}