{
    "orschl\u00e4gen": {
        "loss": {
            "yyy": 1.3802703619003296,
            "nny": 9.827170372009277,
            "nyn": 3.647210121154785,
            "ynn": 10.736170768737793,
            "nyy": 3.887571334838867,
            "yny": 10.212957382202148,
            "yyn": 3.2223846912384033,
            "nnn": 10.055974960327148,
            "current_token_diffs": 2.0824755430221558,
            "grouped_token_diffs": 1.6133097410202026,
            "individiual_features_diffs": 2.718330979347229,
            "two_features_diffs": 2.2531988620758057
        },
        "logits": {
            "yyy": 36.74889373779297,
            "nny": 13.645182609558105,
            "nyn": 22.00200843811035,
            "ynn": 11.752485275268555,
            "nyy": 25.124902725219727,
            "yny": 13.681848526000977,
            "yyn": 33.850921630859375,
            "nnn": 11.96594524383545,
            "current_token_diffs": -0.22492218017578125,
            "grouped_token_diffs": 1.2187347412109375,
            "individiual_features_diffs": 13.281107902526855,
            "two_features_diffs": 6.403029918670654
        }
    },
    " h\u00e4ufig": {
        "loss": {
            "yyy": 0.09348174184560776,
            "nny": 13.492840766906738,
            "nyn": 10.358715057373047,
            "ynn": 12.834863662719727,
            "nyy": 7.772409439086914,
            "yny": 11.332086563110352,
            "yyn": 1.1996263265609741,
            "nnn": 14.661079406738281,
            "current_token_diffs": -1.4801610335707664,
            "grouped_token_diffs": -0.062094055116176605,
            "individiual_features_diffs": 7.2707789316773415,
            "two_features_diffs": 2.7280397191643715
        },
        "logits": {
            "yyy": 32.2380256652832,
            "nny": 9.750657081604004,
            "nyn": 11.62736701965332,
            "ynn": 9.517248153686523,
            "nyy": 15.817740440368652,
            "yny": 12.55665397644043,
            "yyn": 25.287174224853516,
            "nnn": 7.266017913818359,
            "current_token_diffs": 2.7604780197143555,
            "grouped_token_diffs": 4.466212272644043,
            "individiual_features_diffs": 15.874789237976074,
            "two_features_diffs": 9.040250301361084
        }
    },
    " beweglich": {
        "loss": {
            "yyy": 4.823314189910889,
            "nny": 15.230941772460938,
            "nyn": 9.358779907226562,
            "ynn": 13.6781005859375,
            "nyy": 8.859955787658691,
            "yny": 14.391647338867188,
            "yyn": 7.697438716888428,
            "nnn": 14.687707901000977,
            "current_token_diffs": 2.375300407409668,
            "grouped_token_diffs": 3.4173583984375,
            "individiual_features_diffs": 4.069092273712158,
            "two_features_diffs": 3.3073527812957764
        },
        "logits": {
            "yyy": 25.076505661010742,
            "nny": 7.925113201141357,
            "nyn": 16.836116790771484,
            "ynn": 8.204527854919434,
            "nyy": 18.871540069580078,
            "yny": 9.286691665649414,
            "yyn": 20.976985931396484,
            "nnn": 7.113443851470947,
            "current_token_diffs": 2.064096450805664,
            "grouped_token_diffs": 3.2878503799438477,
            "individiual_features_diffs": 6.337635517120361,
            "two_features_diffs": 4.0656187534332275
        }
    }
}