{"orschl\u00e4gen": {"YYN": {"Original": 1.384480357170105, "Ablated": 5.673036575317383, "TopNeurons": 3.466306686401367, "PositiveAND": 1.4401081800460815, "NegativeAND": 1.374114751815796, "BothAND": 1.4280043840408325, "PositiveBoost": 3.1712300777435303, "NegativeBoost": 1.5460327863693237, "BothBoost": 3.38031005859375, "PositiveSim": 2.0106005668640137, "NegativeSim": 1.5918160676956177, "BothSim": 2.2738351821899414}, "NumNeurons": {"Original": 0, "Ablated": 2048, "TopNeurons": 10, "PositiveAND": 21, "NegativeAND": 2, "BothAND": 23, "PositiveBoost": 158, "NegativeBoost": 29, "BothBoost": 187, "PositiveSim": 96, "NegativeSim": 602, "BothSim": 698}, "NNN": {"Original": 1.384480357170105, "Ablated": 5.713987350463867, "TopNeurons": 6.73430061340332, "PositiveAND": 1.4402674436569214, "NegativeAND": 1.3786674737930298, "BothAND": 1.4333877563476562, "PositiveBoost": 4.907527923583984, "NegativeBoost": 0.882279098033905, "BothBoost": 4.283773899078369, "PositiveSim": 4.877253532409668, "NegativeSim": 0.9384191036224365, "BothSim": 3.827369213104248}}, " h\u00e4ufig": {"YYN": {"Original": 0.08461232483386993, "Ablated": 0.821632981300354, "TopNeurons": 0.1379573494195938, "PositiveAND": 0.08903459459543228, "NegativeAND": 0.08461232483386993, "BothAND": 0.08903459459543228, "PositiveBoost": 0.34705650806427, "NegativeBoost": 0.08672910183668137, "BothBoost": 0.35951662063598633, "PositiveSim": 0.11050590127706528, "NegativeSim": 0.08831396698951721, "BothSim": 0.11751887947320938}, "NumNeurons": {"Original": 0, "Ablated": 2048, "TopNeurons": 10, "PositiveAND": 21, "NegativeAND": 0, "BothAND": 21, "PositiveBoost": 120, "NegativeBoost": 12, "BothBoost": 132, "PositiveSim": 47, "NegativeSim": 477, "BothSim": 524}, "NNN": {"Original": 0.08461232483386993, "Ablated": 3.3060989379882812, "TopNeurons": 1.8529319763183594, "PositiveAND": 0.08312909305095673, "NegativeAND": 0.08461232483386993, "BothAND": 0.08312909305095673, "PositiveBoost": 2.2348499298095703, "NegativeBoost": 0.13150902092456818, "BothBoost": 2.416865825653076, "PositiveSim": 0.23036423325538635, "NegativeSim": 0.23354767262935638, "BothSim": 0.5841466188430786}}, " beweglich": {"YYN": {"Original": 4.79712438583374, "Ablated": 8.324119567871094, "TopNeurons": 4.689518928527832, "PositiveAND": 5.010876178741455, "NegativeAND": 4.803565502166748, "BothAND": 5.01542329788208, "PositiveBoost": 5.383337020874023, "NegativeBoost": 4.999279499053955, "BothBoost": 5.53081750869751, "PositiveSim": 5.324458122253418, "NegativeSim": 4.432344913482666, "BothSim": 4.977272987365723}, "NumNeurons": {"Original": 0, "Ablated": 2048, "TopNeurons": 10, "PositiveAND": 21, "NegativeAND": 3, "BothAND": 24, "PositiveBoost": 168, "NegativeBoost": 25, "BothBoost": 193, "PositiveSim": 105, "NegativeSim": 566, "BothSim": 671}, "NNN": {"Original": 4.79712438583374, "Ablated": 5.650121688842773, "TopNeurons": 10.441363334655762, "PositiveAND": 5.110323429107666, "NegativeAND": 4.886758804321289, "BothAND": 5.1925225257873535, "PositiveBoost": 4.920215129852295, "NegativeBoost": 5.534959316253662, "BothBoost": 5.563748359680176, "PositiveSim": 4.396888732910156, "NegativeSim": 3.9097375869750977, "BothSim": 3.663623571395874}}}